customerid,name,phone,email
1,Randolf Thomasset,360-754-1552,rthomasset0@hp.com
2,Sibeal Hrynczyk,285-639-3299,shrynczyk1@indiatimes.com
3,Griffin Sugg,504-173-3605,gsugg2@google.co.jp
4,Gabriellia Yvon,618-480-9561,gyvon3@sina.com.cn
5,Torry Loch,624-356-6861,tloch4@wisc.edu
6,Morgan Points,667-799-0554,mpoints5@bloglovin.com
7,Lisle Pichan,474-202-3439,lpichan6@google.ca
8,Murray Eskriett,613-522-5028,meskriett7@plala.or.jp
9,Rici Dawby,173-745-9116,rdawby8@columbia.edu
10,Ivy Giabucci,120-584-5847,igiabucci9@nps.gov
11,Teddie Espinal,321-720-5331,tespinala@fotki.com
12,Randi Buckston,602-557-5034,rbuckstonb@is.gd
13,Daryn Jacobowicz,795-328-1335,djacobowiczc@oakley.com
14,Lemuel Pretious,354-281-5305,lpretiousd@odnoklassniki.ru
15,Rica Erickson,922-880-5775,rericksone@mit.edu
16,Adelice Withnall,569-601-6028,awithnallf@instagram.com
17,Edee Titmus,778-266-4701,etitmusg@list-manage.com
18,Lindsey Straughan,262-447-7874,lstraughanh@devhub.com
19,Maddy Coverdill,428-851-8891,mcoverdilli@marriott.com
20,Emelda Wickmann,971-429-9892,ewickmannj@webmd.com
21,Minette Cristofolo,388-972-3625,mcristofolok@springer.com
22,Saundra Minett,513-120-5599,sminettl@discovery.com
23,Padraig Kivelhan,194-412-0710,pkivelhanm@kickstarter.com
24,Langston Grouen,632-204-1968,lgrouenn@sourceforge.net
25,Anders Ashleigh,146-123-5478,aashleigho@lycos.com
26,Etti Lewendon,293-375-7165,elewendonp@edublogs.org
27,Olivier Hanhardt,516-568-8496,ohanhardtq@google.com
28,Susie Pavkovic,800-987-9817,spavkovicr@yale.edu
29,Billie Jerrom,741-406-2823,bjerroms@webmd.com
30,Ulick Arden,451-384-6325,uardent@who.int
31,Alexi Flaunders,693-215-1476,aflaundersu@nba.com
32,Effie Possel,488-626-2309,eposselv@ebay.com
33,Kiley Ivic,535-667-1414,kivicw@prweb.com
34,Gerhard Kynder,869-862-7659,gkynderx@smugmug.com
35,Tricia Geall,113-655-5704,tgeally@techcrunch.com
36,Barret Booth-Jarvis,294-255-8633,bboothjarvisz@simplemachines.org
37,Beverlie Onslow,760-624-8793,bonslow10@tripod.com
38,Bili Roddell,468-845-2581,broddell11@hexun.com
39,Ronnie Brixey,741-719-0902,rbrixey12@nsw.gov.au
40,Halsey Edwicke,888-887-5881,hedwicke13@ted.com
41,Joela Daftor,404-168-9216,jdaftor14@gizmodo.com
42,Teodorico Castagnaro,749-818-9197,tcastagnaro15@google.co.jp
43,Del Hansie,831-560-2901,dhansie16@adobe.com
44,Renata Kobisch,239-790-7644,rkobisch17@php.net
45,Bonita MacSporran,730-220-9011,bmacsporran18@about.me
46,Sig Shaudfurth,454-424-7450,sshaudfurth19@yahoo.com
47,Kennedy Doddemeede,597-435-7011,kdoddemeede1a@infoseek.co.jp
48,Piper Drake,311-379-6264,pdrake1b@google.ca
49,Iago Buzza,769-578-5848,ibuzza1c@nps.gov
50,Andy Littlefair,930-805-2132,alittlefair1d@cmu.edu
